"Phenotype.1","Phenotype.2","xmate_corr","xmate_corr_se"
"ADHD","Age-at-menarche",-0.0822522905814138,0.0722867679664724
"ADHD","Age-at-menarche",-0.0822522905814138,0.0722867679664724
"ADHD","Allergic rhinitis",-0.000810362046699154,0.0395400573048171
"ADHD","Allergic rhinitis",-0.000810362046699154,0.0395400573048171
"ADHD","Asthma",-0.0761189128837543,0.00205397665008135
"ADHD","Asthma",-0.0761189128837543,0.00205397665008135
"ADHD","BMI",0.031162236719109,0.0431606618962769
"ADHD","BMI",0.031162236719109,0.0431606618962769
"ADHD","BPD",-0.0497177630050389,0.0553818921572961
"ADHD","BPD",-0.0497177630050389,0.0553818921572961
"ADHD","BPS",0.0271546099320265,0.0315129575477768
"ADHD","BPS",0.0271546099320265,0.0315129575477768
"ADHD","Cigarettes per day",0.187025517480332,0.113887440033979
"ADHD","Cigarettes per day",0.187025517480332,0.113887440033979
"ADHD","Cognitive performance",-0.155648872069047,0.0547444171973393
"ADHD","Cognitive performance",-0.155648872069047,0.0547444171973393
"ADHD","Depression",-0.000200433464706279,0.0386182192668037
"ADHD","Depression",-0.000200433464706279,0.0386182192668037
"ADHD","Drinks-per-week",0.0617290042744833,0.0612575744362293
"ADHD","Drinks-per-week",0.0617290042744833,0.0612575744362293
"ADHD","EA",0.0242922296061231,0.0587281482717056
"ADHD","EA",0.0242922296061231,0.0587281482717056
"ADHD","Ever-smoker",0.0458427586523412,0.0363896662015222
"ADHD","Ever-smoker",0.0458427586523412,0.0363896662015222
"ADHD","FEV1",0.0331817775721863,0.0646107001392939
"ADHD","FEV1",0.0331817775721863,0.0646107001392939
"ADHD","HDL cholesterol",0.0484816563960482,0.0644561145380417
"ADHD","HDL cholesterol",0.0484816563960482,0.0644561145380417
"ADHD","Height",-0.0411966903671567,0.0493429286675487
"ADHD","Height",-0.0411966903671567,0.0493429286675487
"ADHD","Hypertension",0.0807368411029835,0.00496606289907778
"ADHD","Hypertension",0.0807368411029835,0.00496606289907778
"ADHD","Migraine",-0.0399199540830331,0.00137295878738069
"ADHD","Migraine",-0.0399199540830331,0.00137295878738069
"ADHD","Morning person",0.0694903730995685,0.0268605831951297
"ADHD","Morning person",0.0694903730995685,0.0268605831951297
"ADHD","Myopia",-0.0529150347675136,0.00184929727735391
"ADHD","Myopia",-0.0529150347675136,0.00184929727735391
"ADHD","Neuroticism",0.103134868454365,0.0538401140084596
"ADHD","Neuroticism",0.103134868454365,0.0538401140084596
"ADHD","Non-HDL cholesterol",0.0349954112185629,0.0560113618295044
"ADHD","Non-HDL cholesterol",0.0349954112185629,0.0560113618295044
"ADHD","Self-rated health",-0.158058775130908,0.0746937549593343
"ADHD","Self-rated health",-0.158058775130908,0.0746937549593343
"ADHD","Subjective well-being",-0.0482948089642394,0.088253295295121
"ADHD","Subjective well-being",-0.0482948089642394,0.088253295295121
"Age at first birth (women)","Allergic rhinitis",0.0669471780123589,0.00815073367832759
"Age at first birth (women)","Allergic rhinitis",0.0669471780123589,0.00815073367832759
"Age at first birth (women)","Asthma",-0.00940720331353095,0.00822196764987716
"Age at first birth (women)","Asthma",-0.00940720331353095,0.00822196764987716
"Age at first birth (women)","BMI",-0.127380098200143,0.00555477267682986
"Age at first birth (women)","BMI",-0.127380098200143,0.00555477267682986
"Age at first birth (women)","BPD",-0.0344706003690468,0.00581649038108269
"Age at first birth (women)","BPD",-0.0344706003690468,0.00581649038108269
"Age at first birth (women)","BPS",-0.0404748522500954,0.00581396863479427
"Age at first birth (women)","BPS",-0.0404748522500954,0.00581396863479427
"Age at first birth (women)","Cigarettes per day",-0.0853137781854307,0.00965630404796674
"Age at first birth (women)","Cigarettes per day",-0.0853137781854307,0.00965630404796674
"Age at first birth (women)","Cognitive performance",0.180978884874609,0.00729838716384598
"Age at first birth (women)","Cognitive performance",0.180978884874609,0.00729838716384598
"Age at first birth (women)","Depression",-0.0567045191819575,0.0109405633994188
"Age at first birth (women)","Depression",-0.0567045191819575,0.0109405633994188
"Age at first birth (women)","Depressive symptoms",-0.0712693963839656,0.0100023669412109
"Age at first birth (women)","Depressive symptoms",-0.0712693963839656,0.0100023669412109
"Age at first birth (women)","Drinks-per-week",0.0870613759294221,0.00559788056782927
"Age at first birth (women)","Drinks-per-week",0.0870613759294221,0.00559788056782927
"Age at first birth (women)","EA",0.320110237973517,0.00507917298738877
"Age at first birth (women)","EA",0.320110237973517,0.00507917298738877
"Age at first birth (women)","Eczema",0.0233687037257506,0.0111435911589739
"Age at first birth (women)","Eczema",0.0233687037257506,0.0111435911589739
"Age at first birth (women)","Ever-smoker",-0.101093699885971,0.00555298224085124
"Age at first birth (women)","Ever-smoker",-0.101093699885971,0.00555298224085124
"Age at first birth (women)","FEV1",-0.0428553054808716,0.0063273832687787
"Age at first birth (women)","FEV1",-0.0428553054808716,0.0063273832687787
"Age at first birth (women)","HDL cholesterol",0.0628219092832762,0.00597705098635815
"Age at first birth (women)","HDL cholesterol",0.0628219092832762,0.00597705098635815
"Age at first birth (women)","Height",0.13295883046842,0.00554507004906192
"Age at first birth (women)","Height",0.13295883046842,0.00554507004906192
"Age at first birth (women)","Hypertension",-0.0556114706789017,0.00823298521136301
"Age at first birth (women)","Hypertension",-0.0556114706789017,0.00823298521136301
"Age at first birth (women)","Migraine",-0.0130052779711629,0.0107164689710492
"Age at first birth (women)","Migraine",-0.0130052779711629,0.0107164689710492
"Age at first birth (women)","Morning person",-0.032670720825682,0.00753698774362089
"Age at first birth (women)","Morning person",-0.032670720825682,0.00753698774362089
"Age at first birth (women)","Myopia",0.135187810125922,0.00943002467299965
"Age at first birth (women)","Myopia",0.135187810125922,0.00943002467299965
"Age at first birth (women)","Neuroticism",-0.025386254748932,0.00615574012876519
"Age at first birth (women)","Neuroticism",-0.025386254748932,0.00615574012876519
"Age at first birth (women)","Non-HDL cholesterol",-0.0416732451121384,0.00576915230330884
"Age at first birth (women)","Non-HDL cholesterol",-0.0416732451121384,0.00576915230330884
"Age at first birth (women)","Self-rated health",0.12605118050974,0.0055554345371235
"Age at first birth (women)","Self-rated health",0.12605118050974,0.0055554345371235
"Age at first birth (women)","Subjective well-being",-0.0318874235354499,0.0100528591635501
"Age at first birth (women)","Subjective well-being",-0.0318874235354499,0.0100528591635501
"Age-at-menarche","Allergic rhinitis",-0.0157490912832441,0.00742321221337905
"Age-at-menarche","Allergic rhinitis",-0.0157490912832441,0.00742321221337905
"Age-at-menarche","Asthma",0.00710310879274159,0.00634873208575097
"Age-at-menarche","Asthma",0.00710310879274159,0.00634873208575097
"Age-at-menarche","BMI",-0.0178291387184915,0.00502149981456904
"Age-at-menarche","BMI",-0.0178291387184915,0.00502149981456904
"Age-at-menarche","BPD",0.00301194888570556,0.00518199569188581
"Age-at-menarche","BPD",0.00301194888570556,0.00518199569188581
"Age-at-menarche","BPS",-0.00992855536979047,0.00518160147087597
"Age-at-menarche","BPS",-0.00992855536979047,0.00518160147087597
"Age-at-menarche","Cigarettes per day",0.00181284096237413,0.00863704345440175
"Age-at-menarche","Cigarettes per day",0.00181284096237413,0.00863704345440175
"Age-at-menarche","Cognitive performance",-0.0122284126667557,0.00670451930266878
"Age-at-menarche","Cognitive performance",-0.0122284126667557,0.00670451930266878
"Age-at-menarche","Depression",-0.00566499900669615,0.00930617841814851
"Age-at-menarche","Depression",-0.00566499900669615,0.00930617841814851
"Age-at-menarche","Depressive symptoms",0.00685259733418695,0.00891713916793286
"Age-at-menarche","Depressive symptoms",0.00685259733418695,0.00891713916793286
"Age-at-menarche","Drinks-per-week",0.00682952113568535,0.00501773731178346
"Age-at-menarche","Drinks-per-week",0.00682952113568535,0.00501773731178346
"Age-at-menarche","EA",-0.012120593558195,0.00503316468683771
"Age-at-menarche","EA",-0.012120593558195,0.00503316468683771
"Age-at-menarche","Eczema",0.00960910220232365,0.0096273901701416
"Age-at-menarche","Eczema",0.00960910220232365,0.0096273901701416
"Age-at-menarche","Ever-smoker",0.008183987057748,0.00634565275183384
"Age-at-menarche","Ever-smoker",0.008183987057748,0.00634565275183384
"Age-at-menarche","FEV1",-0.0106312281922232,0.00564089237302305
"Age-at-menarche","FEV1",-0.0106312281922232,0.00564089237302305
"Age-at-menarche","HDL cholesterol",0.0169776613083182,0.00533751140192067
"Age-at-menarche","HDL cholesterol",0.0169776613083182,0.00533751140192067
"Age-at-menarche","Height",0.0229948464683688,0.00501892117784986
"Age-at-menarche","Height",0.0229948464683688,0.00501892117784986
"Age-at-menarche","Hypertension",-0.00967492938928237,0.00674725017303505
"Age-at-menarche","Hypertension",-0.00967492938928237,0.00674725017303505
"Age-at-menarche","Migraine",-0.0146109415638583,0.0106203428049231
"Age-at-menarche","Migraine",-0.0146109415638583,0.0106203428049231
"Age-at-menarche","Morning person",-0.000287392339888307,0.00598379529373724
"Age-at-menarche","Morning person",-0.000287392339888307,0.00598379529373724
"Age-at-menarche","Myopia",-0.0157382952861474,0.00773421866587077
"Age-at-menarche","Myopia",-0.0157382952861474,0.00773421866587077
"Age-at-menarche","Neuroticism",-0.0116888712063274,0.00547404173522617
"Age-at-menarche","Neuroticism",-0.0116888712063274,0.00547404173522617
"Age-at-menarche","Non-HDL cholesterol",-0.0123902240246462,0.00513980068559071
"Age-at-menarche","Non-HDL cholesterol",-0.0123902240246462,0.00513980068559071
"Age-at-menarche","Self-rated health",0.000680283346053742,0.00502201720726764
"Age-at-menarche","Self-rated health",0.000680283346053742,0.00502201720726764
"Age-at-menarche","Subjective well-being",-0.0102938936386391,0.00892584533345165
"Age-at-menarche","Subjective well-being",-0.0102938936386391,0.00892584533345165
"Allergic rhinitis","HDL cholesterol",0.0158317632064723,0.00590147575027834
"Allergic rhinitis","HDL cholesterol",0.0158317632064723,0.00590147575027834
"Allergic rhinitis","Height",0.0227849110775652,0.00500666674517977
"Allergic rhinitis","Height",0.0227849110775652,0.00500666674517977
"Allergic rhinitis","Hypertension",-0.0157458216881924,0.00495999509270389
"Allergic rhinitis","Hypertension",-0.0157458216881924,0.00495999509270389
"Allergic rhinitis","Migraine",0.0259290179703288,0.00629228475865428
"Allergic rhinitis","Migraine",0.0259290179703288,0.00629228475865428
"Allergic rhinitis","Morning person",0.0106005514899716,0.00502643195130667
"Allergic rhinitis","Morning person",0.0106005514899716,0.00502643195130667
"Allergic rhinitis","Myopia",-0.00571257117613161,0.00562021163863561
"Allergic rhinitis","Myopia",-0.00571257117613161,0.00562021163863561
"Allergic rhinitis","Neuroticism",0.00250737813462656,0.00594241852277653
"Allergic rhinitis","Neuroticism",0.00250737813462656,0.00594241852277653
"Allergic rhinitis","Non-HDL cholesterol",-0.019324259402671,0.00562575262298088
"Allergic rhinitis","Non-HDL cholesterol",-0.019324259402671,0.00562575262298088
"Allergic rhinitis","Self-rated health",0.0220265340490113,0.005058716151678
"Allergic rhinitis","Self-rated health",0.0220265340490113,0.005058716151678
"Allergic rhinitis","Subjective well-being",-0.00672633032006104,0.00907099973175752
"Allergic rhinitis","Subjective well-being",-0.00672633032006104,0.00907099973175752
"Asthma","BMI",0.0356785224371377,0.00466396042607441
"Asthma","BMI",0.0356785224371377,0.00466396042607441
"Asthma","BPD",0.00502712711017111,0.00456905166773872
"Asthma","BPD",0.00502712711017111,0.00456905166773872
"Asthma","BPS",0.00183145428013942,0.00450689716096227
"Asthma","BPS",0.00183145428013942,0.00450689716096227
"Asthma","Cigarettes per day",0.0261088214605965,0.00812644394467199
"Asthma","Cigarettes per day",0.0261088214605965,0.00812644394467199
"Asthma","Cognitive performance",-0.00501574238094675,0.00667863338530468
"Asthma","Cognitive performance",-0.00501574238094675,0.00667863338530468
"Asthma","Depression",0.028424703681418,0.00533387737887316
"Asthma","Depression",0.028424703681418,0.00533387737887316
"Asthma","Depressive symptoms",0.00231534800022298,0.00706642074976507
"Asthma","Depressive symptoms",0.00231534800022298,0.00706642074976507
"Asthma","Drinks-per-week",-0.026347778206415,0.00490766066162103
"Asthma","Drinks-per-week",-0.026347778206415,0.00490766066162103
"Asthma","EA",-0.0122308079580304,0.00498310461727427
"Asthma","EA",-0.0122308079580304,0.00498310461727427
"Asthma","Eczema",-0.00667309882954932,0.00592819091861889
"Asthma","Eczema",-0.00667309882954932,0.00592819091861889
"Asthma","Ever-smoker",-0.00179882647287768,0.00451267680943014
"Asthma","Ever-smoker",-0.00179882647287768,0.00451267680943014
"Asthma","FEV1",0.0137957588910316,0.00573648120109558
"Asthma","FEV1",0.0137957588910316,0.00573648120109558
"Asthma","HDL cholesterol",-0.0237059362677176,0.00487169471355349
"Asthma","HDL cholesterol",-0.0237059362677176,0.00487169471355349
"Asthma","Height",-0.0102247615762415,0.00447269344093273
"Asthma","Height",-0.0102247615762415,0.00447269344093273
"Asthma","Hypertension",0.00249057373435445,0.00473262872910647
"Asthma","Hypertension",0.00249057373435445,0.00473262872910647
"Asthma","Migraine",0.00804807965040833,0.00571582937929788
"Asthma","Migraine",0.00804807965040833,0.00571582937929788
"Asthma","Morning person",-0.000982198795450712,0.0045702572581024
"Asthma","Morning person",-0.000982198795450712,0.0045702572581024
"Asthma","Myopia",-0.00318806304375556,0.00558603035942673
"Asthma","Myopia",-0.00318806304375556,0.00558603035942673
"Asthma","Neuroticism",0.0188376260636551,0.00531098473404104
"Asthma","Neuroticism",0.0188376260636551,0.00531098473404104
"Asthma","Non-HDL cholesterol",0.0124422334974375,0.00485539662599936
"Asthma","Non-HDL cholesterol",0.0124422334974375,0.00485539662599936
"Asthma","Self-rated health",-0.029058594021893,0.00439359002448845
"Asthma","Self-rated health",-0.029058594021893,0.00439359002448845
"Asthma","Subjective well-being",-0.00914279298697082,0.00759309064360481
"Asthma","Subjective well-being",-0.00914279298697082,0.00759309064360481
"BMI","BPD",0.0712489836160705,0.00360858641864617
"BMI","BPD",0.0712489836160705,0.00360858641864617
"BMI","BPS",0.0571691386933704,0.00361573846501395
"BMI","BPS",0.0571691386933704,0.00361573846501395
"BMI","Cigarettes per day",0.0822740505453296,0.00649933025433337
"BMI","Cigarettes per day",0.0822740505453296,0.00649933025433337
"BMI","Cognitive performance",-0.0823372564471072,0.00466403606208228
"BMI","Cognitive performance",-0.0823372564471072,0.00466403606208228
"BMI","Depression",0.0606343614613878,0.00636970947242394
"BMI","Depression",0.0606343614613878,0.00636970947242394
"BMI","Depressive symptoms",0.0588307466236944,0.00612024417514596
"BMI","Depressive symptoms",0.0588307466236944,0.00612024417514596
"BMI","Drinks-per-week",-0.0967440832237899,0.00347724030522621
"BMI","Drinks-per-week",-0.0967440832237899,0.00347724030522621
"BMI","EA",-0.138188759761969,0.00345410455951797
"BMI","EA",-0.138188759761969,0.00345410455951797
"BMI","Eczema",-0.0198677051250057,0.00712266318692389
"BMI","Eczema",-0.0198677051250057,0.00712266318692389
"BMI","Ever-smoker",0.0469327504317079,0.00393149756704405
"BMI","Ever-smoker",0.0469327504317079,0.00393149756704405
"BMI","FEV1",0.0696934158607762,0.00386508738090298
"BMI","FEV1",0.0696934158607762,0.00386508738090298
"BMI","HDL cholesterol",-0.112930368473866,0.00370233295759134
"BMI","HDL cholesterol",-0.112930368473866,0.00370233295759134
"BMI","Height",-0.0566239324433289,0.00350068556468716
"BMI","Height",-0.0566239324433289,0.00350068556468716
"BMI","Hypertension",0.0703438499592398,0.0044297116064844
"BMI","Hypertension",0.0703438499592398,0.0044297116064844
"BMI","Migraine",0.00248337675079732,0.00690262518958532
"BMI","Migraine",0.00248337675079732,0.00690262518958532
"BMI","Morning person",-0.00497440532852589,0.00447473539899801
"BMI","Morning person",-0.00497440532852589,0.00447473539899801
"BMI","Myopia",-0.0166442869601702,0.00595062198511375
"BMI","Myopia",-0.0166442869601702,0.00595062198511375
"BMI","Neuroticism",0.0388880996780204,0.00387306811373254
"BMI","Neuroticism",0.0388880996780204,0.00387306811373254
"BMI","Non-HDL cholesterol",0.08270394476679,0.00357274880148657
"BMI","Non-HDL cholesterol",0.08270394476679,0.00357274880148657
"BMI","Self-rated health",-0.117332878962839,0.00346478451255911
"BMI","Self-rated health",-0.117332878962839,0.00346478451255911
"BMI","Subjective well-being",-0.00243311667635378,0.00615167583485519
"BMI","Subjective well-being",-0.00243311667635378,0.00615167583485519
"BPD","BPS",0.0821457247965959,0.0036713188860402
"BPD","BPS",0.0821457247965959,0.0036713188860402
"BPD","Cigarettes per day",0.0122890627712222,0.00674898439782624
"BPD","Cigarettes per day",0.0122890627712222,0.00674898439782624
"BPD","Cognitive performance",-0.0158387198356317,0.00477175113315801
"BPD","Cognitive performance",-0.0158387198356317,0.00477175113315801
"BPD","Depression",-0.0046083877568375,0.00676507722501528
"BPD","Depression",-0.0046083877568375,0.00676507722501528
"BPD","Depressive symptoms",0.0167223714071984,0.0063014934844639
"BPD","Depressive symptoms",0.0167223714071984,0.0063014934844639
"BPD","Drinks-per-week",0.0239574592860779,0.00362132600655582
"BPD","Drinks-per-week",0.0239574592860779,0.00362132600655582
"BPD","EA",-0.0368413099277137,0.00363000266867103
"BPD","EA",-0.0368413099277137,0.00363000266867103
"BPD","Eczema",-0.00431714668865148,0.0071823437431759
"BPD","Eczema",-0.00431714668865148,0.0071823437431759
"BPD","Ever-smoker",0.0121560621448239,0.00419347129721504
"BPD","Ever-smoker",0.0121560621448239,0.00419347129721504
"BPD","FEV1",0.0195246978357273,0.00400553779282464
"BPD","FEV1",0.0195246978357273,0.00400553779282464
"BPD","HDL cholesterol",-0.00167481301575742,0.00387276745480853
"BPD","HDL cholesterol",-0.00167481301575742,0.00387276745480853
"BPD","Height",-0.0134307855805424,0.00362545944701976
"BPD","Height",-0.0134307855805424,0.00362545944701976
"BPD","Hypertension",0.0784235759421252,0.00456384931715308
"BPD","Hypertension",0.0784235759421252,0.00456384931715308
"BPD","Migraine",-0.0204325556642902,0.00727146496828157
"BPD","Migraine",-0.0204325556642902,0.00727146496828157
"BPD","Morning person",-0.00333283892233314,0.00433214313692105
"BPD","Morning person",-0.00333283892233314,0.00433214313692105
"BPD","Myopia",-0.0126228524674993,0.00535683645717197
"BPD","Myopia",-0.0126228524674993,0.00535683645717197
"BPD","Neuroticism",0.00426385796068012,0.00400609676888464
"BPD","Neuroticism",0.00426385796068012,0.00400609676888464
"BPD","Non-HDL cholesterol",0.0349821786516316,0.00371120126145066
"BPD","Non-HDL cholesterol",0.0349821786516316,0.00371120126145066
"BPD","Self-rated health",-0.0251474425760272,0.00362430752066441
"BPD","Self-rated health",-0.0251474425760272,0.00362430752066441
"BPD","Subjective well-being",-2.4211766848383e-05,0.00631395577707061
"BPD","Subjective well-being",-2.4211766848383e-05,0.00631395577707061
"BPS","Cigarettes per day",0.0113322050949454,0.00675029455080581
"BPS","Cigarettes per day",0.0113322050949454,0.00675029455080581
"BPS","Cognitive performance",-0.0232011676595865,0.00477064992782225
"BPS","Cognitive performance",-0.0232011676595865,0.00477064992782225
"BPS","Depression",-0.0113627563030017,0.00576991070077285
"BPS","Depression",-0.0113627563030017,0.00576991070077285
"BPS","Depressive symptoms",0.00653043360628588,0.00630282411167325
"BPS","Depressive symptoms",0.00653043360628588,0.00630282411167325
"BPS","Drinks-per-week",0.0150077725891979,0.00362238860497936
"BPS","Drinks-per-week",0.0150077725891979,0.00362238860497936
"BPS","EA",-0.0453626420139399,0.00362750819344156
"BPS","EA",-0.0453626420139399,0.00362750819344156
"BPS","Eczema",-0.00950336699338302,0.00734686865721925
"BPS","Eczema",-0.00950336699338302,0.00734686865721925
"BPS","Ever-smoker",0.0121047260584695,0.00400480203980052
"BPS","Ever-smoker",0.0121047260584695,0.00400480203980052
"BPS","FEV1",0.0187543216205086,0.00400568579733654
"BPS","FEV1",0.0187543216205086,0.00400568579733654
"BPS","HDL cholesterol",-4.26759951014883e-05,0.00387284878131372
"BPS","HDL cholesterol",-4.26759951014883e-05,0.00387284878131372
"BPS","Height",-0.0301081000056497,0.00362301815994611
"BPS","Height",-0.0301081000056497,0.00362301815994611
"BPS","Hypertension",0.0813795706580645,0.00451625847776532
"BPS","Hypertension",0.0813795706580645,0.00451625847776532
"BPS","Migraine",-0.0170655599000913,0.00671516650829438
"BPS","Migraine",-0.0170655599000913,0.00671516650829438
"BPS","Morning person",-0.0042325014385076,0.00439872971378685
"BPS","Morning person",-0.0042325014385076,0.00439872971378685
"BPS","Myopia",-0.0181325242536917,0.00566080614266428
"BPS","Myopia",-0.0181325242536917,0.00566080614266428
"BPS","Neuroticism",-0.00168383948854932,0.00400597592305673
"BPS","Neuroticism",-0.00168383948854932,0.00400597592305673
"BPS","Non-HDL cholesterol",0.0272982651899608,0.00371298038123661
"BPS","Non-HDL cholesterol",0.0272982651899608,0.00371298038123661
"BPS","Self-rated health",-0.0162803920156508,0.00362574240342836
"BPS","Self-rated health",-0.0162803920156508,0.00362574240342836
"BPS","Subjective well-being",0.0120956146700441,0.00631300760829978
"BPS","Subjective well-being",0.0120956146700441,0.00631300760829978
"Cigarettes per day","Depression",0.00917011125288548,0.0107639931661738
"Cigarettes per day","Depression",0.00917011125288548,0.0107639931661738
"Cigarettes per day","Depressive symptoms",0.0312745769581836,0.0119648593889572
"Cigarettes per day","Depressive symptoms",0.0312745769581836,0.0119648593889572
"Cigarettes per day","Drinks-per-week",-0.0347092348525854,0.00652760886347041
"Cigarettes per day","Drinks-per-week",-0.0347092348525854,0.00652760886347041
"Cigarettes per day","EA",-0.0691651396760836,0.00652756880016574
"Cigarettes per day","EA",-0.0691651396760836,0.00652756880016574
"Cigarettes per day","Eczema",0.00358499434353448,0.0130536421298597
"Cigarettes per day","Eczema",0.00358499434353448,0.0130536421298597
"Cigarettes per day","Ever-smoker",0.0371756337865423,0.0073257509743595
"Cigarettes per day","Ever-smoker",0.0371756337865423,0.0073257509743595
"Cigarettes per day","FEV1",0.0337130969532645,0.00723964219406005
"Cigarettes per day","FEV1",0.0337130969532645,0.00723964219406005
"Cigarettes per day","HDL cholesterol",-0.0471932929269757,0.00698258900346856
"Cigarettes per day","HDL cholesterol",-0.0471932929269757,0.00698258900346856
"Cigarettes per day","Height",-0.0188752377775268,0.00653828809141537
"Cigarettes per day","Height",-0.0188752377775268,0.00653828809141537
"Cigarettes per day","Hypertension",0.0242101859820345,0.00849700799165875
"Cigarettes per day","Hypertension",0.0242101859820345,0.00849700799165875
"Cigarettes per day","Migraine",3.46002266117862e-05,0.0116417587621384
"Cigarettes per day","Migraine",3.46002266117862e-05,0.0116417587621384
"Cigarettes per day","Morning person",-0.0185199429003176,0.00774659166175373
"Cigarettes per day","Morning person",-0.0185199429003176,0.00774659166175373
"Cigarettes per day","Myopia",-0.0123034025456247,0.010470884403233
"Cigarettes per day","Myopia",-0.0123034025456247,0.010470884403233
"Cigarettes per day","Neuroticism",0.0209906942612624,0.00723674286197308
"Cigarettes per day","Neuroticism",0.0209906942612624,0.00723674286197308
"Cigarettes per day","Non-HDL cholesterol",0.0125342720144597,0.0067038444232829
"Cigarettes per day","Non-HDL cholesterol",0.0125342720144597,0.0067038444232829
"Cigarettes per day","Self-rated health",-0.0543741885763237,0.00652457379599886
"Cigarettes per day","Self-rated health",-0.0543741885763237,0.00652457379599886
"Cigarettes per day","Subjective well-being",0.000282237232752115,0.0119929596556748
"Cigarettes per day","Subjective well-being",0.000282237232752115,0.0119929596556748
"Cognitive performance","Depression",-0.0378733464197226,0.00884893348867226
"Cognitive performance","Depression",-0.0378733464197226,0.00884893348867226
"Cognitive performance","Depressive symptoms",-0.0427009279102638,0.00730845014704102
"Cognitive performance","Depressive symptoms",-0.0427009279102638,0.00730845014704102
"Cognitive performance","Drinks-per-week",0.0794014181044487,0.00465911620104696
"Cognitive performance","Drinks-per-week",0.0794014181044487,0.00465911620104696
"Cognitive performance","EA",0.240317005276726,0.00442905426281396
"Cognitive performance","EA",0.240317005276726,0.00442905426281396
"Cognitive performance","Eczema",0.0353212154432442,0.00973608128943899
"Cognitive performance","Eczema",0.0353212154432442,0.00973608128943899
"Cognitive performance","Ever-smoker",-0.0422395236185633,0.0052503265596728
"Cognitive performance","Ever-smoker",-0.0422395236185633,0.0052503265596728
"Cognitive performance","FEV1",-0.022625295689915,0.00515697485449354
"Cognitive performance","FEV1",-0.022625295689915,0.00515697485449354
"Cognitive performance","HDL cholesterol",0.0434545188189109,0.00500970918822677
"Cognitive performance","HDL cholesterol",0.0434545188189109,0.00500970918822677
"Cognitive performance","Height",0.0748508966243347,0.0046679340867343
"Cognitive performance","Height",0.0748508966243347,0.0046679340867343
"Cognitive performance","Hypertension",-0.0215270146802541,0.00551903618273713
"Cognitive performance","Hypertension",-0.0215270146802541,0.00551903618273713
"Cognitive performance","Migraine",0.00883947708726292,0.00880842972819009
"Cognitive performance","Migraine",0.00883947708726292,0.00880842972819009
"Cognitive performance","Morning person",-0.00998934563444526,0.00572800701146964
"Cognitive performance","Morning person",-0.00998934563444526,0.00572800701146964
"Cognitive performance","Myopia",0.0733689968007243,0.00672916951927177
"Cognitive performance","Myopia",0.0733689968007243,0.00672916951927177
"Cognitive performance","Neuroticism",-0.0240738751208136,0.0051498810005757
"Cognitive performance","Neuroticism",-0.0240738751208136,0.0051498810005757
"Cognitive performance","Non-HDL cholesterol",-0.0275204048036329,0.00480870838344847
"Cognitive performance","Non-HDL cholesterol",-0.0275204048036329,0.00480870838344847
"Cognitive performance","Self-rated health",0.0696020053415484,0.00467063975272497
"Cognitive performance","Self-rated health",0.0696020053415484,0.00467063975272497
"Cognitive performance","Subjective well-being",-0.00702775104915564,0.00733350799060948
"Cognitive performance","Subjective well-being",-0.00702775104915564,0.00733350799060948
"Depression","Depressive symptoms",0.0571216036586931,0.011387215791759
"Depression","Depressive symptoms",0.0571216036586931,0.011387215791759
"Depression","Drinks-per-week",-0.0656998554292433,0.00677679202475822
"Depression","Drinks-per-week",-0.0656998554292433,0.00677679202475822
"Depression","EA",-0.0596360673079891,0.00618070259956226
"Depression","EA",-0.0596360673079891,0.00618070259956226
"Depression","Eczema",0.00930996089959076,0.00627129369842905
"Depression","Eczema",0.00930996089959076,0.00627129369842905
"Depression","Ever-smoker",0.0193289332305073,0.00500192358926037
"Depression","Ever-smoker",0.0193289332305073,0.00500192358926037
"Depression","FEV1",0.022043589626922,0.00648488888749471
"Depression","FEV1",0.022043589626922,0.00648488888749471
"Depression","HDL cholesterol",-0.051262291909595,0.00707441349094462
"Depression","HDL cholesterol",-0.051262291909595,0.00707441349094462
"Depression","Height",-0.0326291373189003,0.00644090055831812
"Depression","Height",-0.0326291373189003,0.00644090055831812
"Depression","Hypertension",0.00200166504059573,0.00556882048829083
"Depression","Hypertension",0.00200166504059573,0.00556882048829083
"Depression","Migraine",0.0153225685060874,0.00710235949958841
"Depression","Migraine",0.0153225685060874,0.00710235949958841
"Depression","Morning person",-0.00231529071572315,0.00559635152113166
"Depression","Morning person",-0.00231529071572315,0.00559635152113166
"Depression","Myopia",-0.00915035325964278,0.00595818984327354
"Depression","Myopia",-0.00915035325964278,0.00595818984327354
"Depression","Neuroticism",0.0347031116538183,0.00738805630421528
"Depression","Neuroticism",0.0347031116538183,0.00738805630421528
"Depression","Non-HDL cholesterol",0.026063935564741,0.006577031428496
"Depression","Non-HDL cholesterol",0.026063935564741,0.006577031428496
"Depression","Self-rated health",-0.0842200976210857,0.00642135292409167
"Depression","Self-rated health",-0.0842200976210857,0.00642135292409167
"Depression","Subjective well-being",-0.072350794861174,0.0115289063530948
"Depression","Subjective well-being",-0.072350794861174,0.0115289063530948
"Depressive symptoms","Drinks-per-week",-0.0504629279797372,0.00612061256777415
"Depressive symptoms","Drinks-per-week",-0.0504629279797372,0.00612061256777415
"Depressive symptoms","EA",-0.0634614767807486,0.006122197613288
"Depressive symptoms","EA",-0.0634614767807486,0.006122197613288
"Depressive symptoms","Eczema",-0.0111485869806332,0.0125239460302283
"Depressive symptoms","Eczema",-0.0111485869806332,0.0125239460302283
"Depressive symptoms","Ever-smoker",0.0126587286976518,0.00648264457512562
"Depressive symptoms","Ever-smoker",0.0126587286976518,0.00648264457512562
"Depressive symptoms","FEV1",0.0165219949570517,0.00672829854067874
"Depressive symptoms","FEV1",0.0165219949570517,0.00672829854067874
"Depressive symptoms","HDL cholesterol",-0.0415880159926247,0.00654087112143713
"Depressive symptoms","HDL cholesterol",-0.0415880159926247,0.00654087112143713
"Depressive symptoms","Height",-0.0153807311615602,0.00613676411649166
"Depressive symptoms","Height",-0.0153807311615602,0.00613676411649166
"Depressive symptoms","Hypertension",0.0150912491774293,0.00763516871437067
"Depressive symptoms","Hypertension",0.0150912491774293,0.00763516871437067
"Depressive symptoms","Migraine",0.00711855624278987,0.0107640464605143
"Depressive symptoms","Migraine",0.00711855624278987,0.0107640464605143
"Depressive symptoms","Morning person",-0.0070792030252465,0.00799900952709405
"Depressive symptoms","Morning person",-0.0070792030252465,0.00799900952709405
"Depressive symptoms","Myopia",-0.0117161625421878,0.00912926198371573
"Depressive symptoms","Myopia",-0.0117161625421878,0.00912926198371573
"Depressive symptoms","Neuroticism",0.0445273585538826,0.00671426910287321
"Depressive symptoms","Neuroticism",0.0445273585538826,0.00671426910287321
"Depressive symptoms","Non-HDL cholesterol",0.0301786228637116,0.0062798853242834
"Depressive symptoms","Non-HDL cholesterol",0.0301786228637116,0.0062798853242834
"Depressive symptoms","Self-rated health",-0.0639672086360351,0.0061154516501976
"Depressive symptoms","Self-rated health",-0.0639672086360351,0.0061154516501976
"Depressive symptoms","Subjective well-being",-0.0988967556675881,0.00811276881246096
"Depressive symptoms","Subjective well-being",-0.0988967556675881,0.00811276881246096
"Drinks-per-week","EA",0.138114709345429,0.00345005418318924
"Drinks-per-week","EA",0.138114709345429,0.00345005418318924
"Drinks-per-week","Eczema",-0.00306187594945898,0.00717054230220904
"Drinks-per-week","Eczema",-0.00306187594945898,0.00717054230220904
"Drinks-per-week","Ever-smoker",0.0536365971738768,0.00389379010447517
"Drinks-per-week","Ever-smoker",0.0536365971738768,0.00389379010447517
"Drinks-per-week","FEV1",-0.0432096621497071,0.00387423242712517
"Drinks-per-week","FEV1",-0.0432096621497071,0.00387423242712517
"Drinks-per-week","HDL cholesterol",0.167080663400035,0.00364179344858544
"Drinks-per-week","HDL cholesterol",0.167080663400035,0.00364179344858544
"Drinks-per-week","Height",0.0529431099456438,0.00349945518578386
"Drinks-per-week","Height",0.0529431099456438,0.00349945518578386
"Drinks-per-week","Hypertension",0.0195619819104162,0.00433887730472048
"Drinks-per-week","Hypertension",0.0195619819104162,0.00433887730472048
"Drinks-per-week","Migraine",-0.0219244239144483,0.00638367724829242
"Drinks-per-week","Migraine",-0.0219244239144483,0.00638367724829242
"Drinks-per-week","Morning person",-0.00322129374663566,0.00413251905738954
"Drinks-per-week","Morning person",-0.00322129374663566,0.00413251905738954
"Drinks-per-week","Myopia",0.00567813319852617,0.00583618866041929
"Drinks-per-week","Myopia",0.00567813319852617,0.00583618866041929
"Drinks-per-week","Neuroticism",-0.0375340769856619,0.00386983889640664
"Drinks-per-week","Neuroticism",-0.0375340769856619,0.00386983889640664
"Drinks-per-week","Non-HDL cholesterol",-0.0385864116722256,0.00358713731077072
"Drinks-per-week","Non-HDL cholesterol",-0.0385864116722256,0.00358713731077072
"Drinks-per-week","Self-rated health",0.0971482832653934,0.00347704018666711
"Drinks-per-week","Self-rated health",0.0971482832653934,0.00347704018666711
"Drinks-per-week","Subjective well-being",0.0212831779850488,0.00614376229903654
"Drinks-per-week","Subjective well-being",0.0212831779850488,0.00614376229903654
"EA","Eczema",0.0483726144463633,0.00740938185108516
"EA","Eczema",0.0483726144463633,0.00740938185108516
"EA","Ever-smoker",-0.0929690486427133,0.00422848468616375
"EA","Ever-smoker",-0.0929690486427133,0.00422848468616375
"EA","FEV1",-0.0605817811849881,0.00387847060495874
"EA","FEV1",-0.0605817811849881,0.00387847060495874
"EA","HDL cholesterol",0.0942621261907414,0.00372399943924188
"EA","HDL cholesterol",0.0942621261907414,0.00372399943924188
"EA","Height",0.126929679893981,0.00346354418663571
"EA","Height",0.126929679893981,0.00346354418663571
"EA","Hypertension",-0.0547744449128235,0.00442633834996041
"EA","Hypertension",-0.0547744449128235,0.00442633834996041
"EA","Migraine",0.026945428374238,0.00685176339613844
"EA","Migraine",0.026945428374238,0.00685176339613844
"EA","Morning person",-0.0195716706855932,0.00452331905104645
"EA","Morning person",-0.0195716706855932,0.00452331905104645
"EA","Myopia",0.0954071433738643,0.00560870681136051
"EA","Myopia",0.0954071433738643,0.00560870681136051
"EA","Neuroticism",-0.0518250453472737,0.00387235585802798
"EA","Neuroticism",-0.0518250453472737,0.00387235585802798
"EA","Non-HDL cholesterol",-0.0578919584032149,0.00359220331971499
"EA","Non-HDL cholesterol",-0.0578919584032149,0.00359220331971499
"EA","Self-rated health",0.135530955220343,0.00345623604841925
"EA","Self-rated health",0.135530955220343,0.00345623604841925
"EA","Subjective well-being",-0.0259854994376392,0.0061525715662368
"EA","Subjective well-being",-0.0259854994376392,0.0061525715662368
"Eczema","Ever-smoker",-0.0046087817938767,0.00545900789692438
"Eczema","Ever-smoker",-0.0046087817938767,0.00545900789692438
"Eczema","FEV1",-0.00121396765890851,0.00818838965587218
"Eczema","FEV1",-0.00121396765890851,0.00818838965587218
"Eczema","HDL cholesterol",-0.0167208061193173,0.00797911112218199
"Eczema","HDL cholesterol",-0.0167208061193173,0.00797911112218199
"Eczema","Height",0.00180389990198816,0.00687585751426662
"Eczema","Height",0.00180389990198816,0.00687585751426662
"Eczema","Hypertension",-0.000290625534883353,0.00563782668141556
"Eczema","Hypertension",-0.000290625534883353,0.00563782668141556
"Eczema","Migraine",0.0141469677106945,0.0072200830146248
"Eczema","Migraine",0.0141469677106945,0.0072200830146248
"Eczema","Morning person",-0.00230834495856502,0.00613057085441955
"Eczema","Morning person",-0.00230834495856502,0.00613057085441955
"Eczema","Myopia",-0.00863836744910698,0.00602302559781593
"Eczema","Myopia",-0.00863836744910698,0.00602302559781593
"Eczema","Neuroticism",0.0178407090237773,0.00779201825864256
"Eczema","Neuroticism",0.0178407090237773,0.00779201825864256
"Eczema","Non-HDL cholesterol",-0.00666302384445271,0.00726088287677695
"Eczema","Non-HDL cholesterol",-0.00666302384445271,0.00726088287677695
"Eczema","Self-rated health",0.0135071745176599,0.0069264287720346
"Eczema","Self-rated health",0.0135071745176599,0.0069264287720346
"Eczema","Subjective well-being",-0.0120190180920486,0.0109253687641092
"Eczema","Subjective well-being",-0.0120190180920486,0.0109253687641092
"Ever-smoker","FEV1",0.0373890651558281,0.00418333730021291
"Ever-smoker","FEV1",0.0373890651558281,0.00418333730021291
"Ever-smoker","HDL cholesterol",0.00698368570370499,0.00429658098194976
"Ever-smoker","HDL cholesterol",0.00698368570370499,0.00429658098194976
"Ever-smoker","Height",-0.0178400273700817,0.00386686907271792
"Ever-smoker","Height",-0.0178400273700817,0.00386686907271792
"Ever-smoker","Hypertension",0.0126881845188048,0.00420952782180959
"Ever-smoker","Hypertension",0.0126881845188048,0.00420952782180959
"Ever-smoker","Migraine",-0.0094402694976661,0.00495855358343681
"Ever-smoker","Migraine",-0.0094402694976661,0.00495855358343681
"Ever-smoker","Morning person",0.000620867407578089,0.00475490140604815
"Ever-smoker","Morning person",0.000620867407578089,0.00475490140604815
"Ever-smoker","Myopia",-0.0213117930864082,0.00456238394243614
"Ever-smoker","Myopia",-0.0213117930864082,0.00456238394243614
"Ever-smoker","Neuroticism",0.0183233514676697,0.00419413812070261
"Ever-smoker","Neuroticism",0.0183233514676697,0.00419413812070261
"Ever-smoker","Non-HDL cholesterol",0.0218695974140738,0.00398379727302282
"Ever-smoker","Non-HDL cholesterol",0.0218695974140738,0.00398379727302282
"Ever-smoker","Self-rated health",-0.0463671417986457,0.00431765216548831
"Ever-smoker","Self-rated health",-0.0463671417986457,0.00431765216548831
"Ever-smoker","Subjective well-being",-0.0173972820120745,0.00737243808986103
"Ever-smoker","Subjective well-being",-0.0173972820120745,0.00737243808986103
"FEV1","HDL cholesterol",-0.0386721154897107,0.00414063153698181
"FEV1","HDL cholesterol",-0.0386721154897107,0.00414063153698181
"FEV1","Height",-0.0150536826520132,0.0038825122447725
"FEV1","Height",-0.0150536826520132,0.0038825122447725
"FEV1","Hypertension",0.0178779193160522,0.00471319855752113
"FEV1","Hypertension",0.0178779193160522,0.00471319855752113
"FEV1","Migraine",0.00793850312322577,0.00691656298718569
"FEV1","Migraine",0.00793850312322577,0.00691656298718569
"FEV1","Morning person",-0.0108158721069529,0.00487613740921052
"FEV1","Morning person",-0.0108158721069529,0.00487613740921052
"FEV1","Myopia",-0.0109975230005445,0.00613070851997529
"FEV1","Myopia",-0.0109975230005445,0.00613070851997529
"FEV1","Neuroticism",0.0235393200671071,0.00428208973077739
"FEV1","Neuroticism",0.0235393200671071,0.00428208973077739
"FEV1","Non-HDL cholesterol",0.0314505539955443,0.00397346911366843
"FEV1","Non-HDL cholesterol",0.0314505539955443,0.00397346911366843
"FEV1","Self-rated health",-0.0516400493062454,0.00387428830131074
"FEV1","Self-rated health",-0.0516400493062454,0.00387428830131074
"FEV1","Subjective well-being",-0.011658447498585,0.00674050199522776
"FEV1","Subjective well-being",-0.011658447498585,0.00674050199522776
"HDL cholesterol","Height",0.0341712633197239,0.00374395730948212
"HDL cholesterol","Height",0.0341712633197239,0.00374395730948212
"HDL cholesterol","Hypertension",-0.00382831472167821,0.00439416754455651
"HDL cholesterol","Hypertension",-0.00382831472167821,0.00439416754455651
"HDL cholesterol","Migraine",-0.0284589263160693,0.00720021346800029
"HDL cholesterol","Migraine",-0.0284589263160693,0.00720021346800029
"HDL cholesterol","Morning person",-0.00174536830517184,0.0044436716006591
"HDL cholesterol","Morning person",-0.00174536830517184,0.0044436716006591
"HDL cholesterol","Myopia",0.0428528608715784,0.00527041904252117
"HDL cholesterol","Myopia",0.0428528608715784,0.00527041904252117
"HDL cholesterol","Neuroticism",-0.0387941933154735,0.00413373251484539
"HDL cholesterol","Neuroticism",-0.0387941933154735,0.00413373251484539
"HDL cholesterol","Non-HDL cholesterol",-0.0488958894437543,0.00381811920422474
"HDL cholesterol","Non-HDL cholesterol",-0.0488958894437543,0.00381811920422474
"HDL cholesterol","Self-rated health",0.0829643176684797,0.00372395685669105
"HDL cholesterol","Self-rated health",0.0829643176684797,0.00372395685669105
"HDL cholesterol","Subjective well-being",0.0210049027368538,0.00655986525027735
"HDL cholesterol","Subjective well-being",0.0210049027368538,0.00655986525027735
"Height","Hypertension",-0.0279719326347696,0.00429510273415379
"Height","Hypertension",-0.0279719326347696,0.00429510273415379
"Height","Migraine",0.0114031274639396,0.00649720490211049
"Height","Migraine",0.0114031274639396,0.00649720490211049
"Height","Morning person",-0.00606168229598239,0.00427026327501262
"Height","Morning person",-0.00606168229598239,0.00427026327501262
"Height","Myopia",0.0396355113594853,0.00581038429391608
"Height","Myopia",0.0396355113594853,0.00581038429391608
"Height","Neuroticism",-0.0202091088274613,0.00387610210408798
"Height","Neuroticism",-0.0202091088274613,0.00387610210408798
"Height","Non-HDL cholesterol",-0.0294004837570663,0.0035930611996134
"Height","Non-HDL cholesterol",-0.0294004837570663,0.0035930611996134
"Height","Subjective well-being",-0.0109516920555889,0.00614890316545103
"Height","Subjective well-being",-0.0109516920555889,0.00614890316545103
"Hypertension","Migraine",-0.0119859310325624,0.00628208695765819
"Hypertension","Migraine",-0.0119859310325624,0.00628208695765819
"Hypertension","Morning person",-0.00556896178638099,0.00422162869676726
"Hypertension","Morning person",-0.00556896178638099,0.00422162869676726
"Hypertension","Myopia",-0.016133358009843,0.00497596257521837
"Hypertension","Myopia",-0.016133358009843,0.00497596257521837
"Hypertension","Neuroticism",0.000643687348606414,0.00467977043439171
"Hypertension","Neuroticism",0.000643687348606414,0.00467977043439171
"Hypertension","Non-HDL cholesterol",0.0309720054376492,0.00446967423486819
"Hypertension","Non-HDL cholesterol",0.0309720054376492,0.00446967423486819
"Hypertension","Subjective well-being",0.0202745685301713,0.00773503720088427
"Hypertension","Subjective well-being",0.0202745685301713,0.00773503720088427
"Migraine","Morning person",0.00530780427916038,0.00638538081287038
"Migraine","Morning person",0.00530780427916038,0.00638538081287038
"Migraine","Myopia",-0.00603286566933003,0.00609989224909896
"Migraine","Myopia",-0.00603286566933003,0.00609989224909896
"Migraine","Neuroticism",0.0107849174947379,0.00744602405830977
"Migraine","Neuroticism",0.0107849174947379,0.00744602405830977
"Migraine","Non-HDL cholesterol",0.00506505552651501,0.00642941532595534
"Migraine","Non-HDL cholesterol",0.00506505552651501,0.00642941532595534
"Migraine","Subjective well-being",-0.0200952063889821,0.011625410549452
"Migraine","Subjective well-being",-0.0200952063889821,0.011625410549452
"Morning person","Myopia",-0.00215740345986283,0.00549218650182847
"Morning person","Myopia",-0.00215740345986283,0.00549218650182847
"Morning person","Neuroticism",-0.00144884860930564,0.00493275502969273
"Morning person","Neuroticism",-0.00144884860930564,0.00493275502969273
"Morning person","Non-HDL cholesterol",0.00756001911270333,0.00440483515919263
"Morning person","Non-HDL cholesterol",0.00756001911270333,0.00440483515919263
"Morning person","Subjective well-being",0.0125188212390814,0.0079475029447283
"Morning person","Subjective well-being",0.0125188212390814,0.0079475029447283
"Myopia","Neuroticism",-0.000661513735283052,0.006624270644957
"Myopia","Neuroticism",-0.000661513735283052,0.006624270644957
"Myopia","Non-HDL cholesterol",-0.0289145441600599,0.00575170035217648
"Myopia","Non-HDL cholesterol",-0.0289145441600599,0.00575170035217648
"Myopia","Subjective well-being",-0.00868223112721559,0.00930704122108408
"Myopia","Subjective well-being",-0.00868223112721559,0.00930704122108408
"Neuroticism","Non-HDL cholesterol",0.0154462310968059,0.00396946080607471
"Neuroticism","Non-HDL cholesterol",0.0154462310968059,0.00396946080607471
"Neuroticism","Subjective well-being",-0.075404085117896,0.00670016824111007
"Neuroticism","Subjective well-being",-0.075404085117896,0.00670016824111007
"Non-HDL cholesterol","Subjective well-being",0.00180570225737716,0.00629625583985567
"Non-HDL cholesterol","Subjective well-being",0.00180570225737716,0.00629625583985567
"Self-rated health","Subjective well-being",0.0831855517768329,0.00610709807463877
"Self-rated health","Subjective well-being",0.0831855517768329,0.00610709807463877
